"","x"
"1","제주 스카이라인 개벽…169m 드림타워 윤곽 드러나"
"2","제주 낮 최고 31.3도 한여름 더위…5월 기록 역대 2위(종합)"
"3","제주도 오존주의보 또 발령…이틀새 3번째"
"4","캠코, 희망Replay 제주도 가족여행 지원"
"5","제주도 산지·북부에 건조주의보…화재 주의"
"6","항공권 특가 이벤트 등장…`제주도 티켓 1만 원대`"
"7","가짜 여론조사 알린 현역 제주도 의원 무죄"
"8","탁재훈 500만원으로 저택 구매한 사연"
"9","올여름 제주 작년 같은 최악 폭염 가능성은 낮아"
"10","[잡화] 아모레퍼시픽 `오설록`, 제주의 청정함을 마신다…40주년 맞은 대한민국 名茶"
"11","렌터카 대형업체, 제주도 감차정책 불참·소송까지…시행지연"
"12","제주도 사상 첫 오존주의보 4시간 만에 해제"
"13","제주도 가족여행코스 여행하기 좋은 명소 3選...제주 핫플레이스는?"
"14","[분양 하이라이트] 제주 타운하우스 안트레, 100m 걸어가면 제주해변"
"15","'제주 도내 플리마켓 모두 모여라'"
"16","제주도내 공익사업 감정평가 업체 선정 ‘윤번제’로"
"17","내년 도시공원 일몰제 앞 제주도 도시공원 매입 `지지부진`"
"18","제주도, 북부소각장 등 필수공공서비스 직접운영해야"
"19","제주 지역주택조합 설립 증가…피해예방 나선다"
"20","제주도의 큰 용기를 부탁한다 ...구시대 '동물원' 종지부 찍어달라"
"21","제주 대표 어종 광어, 생산금액 곤두박질"
"22","`섬 속의 섬` 제주 추자도, 희귀 동·식물 낙원…940종 서식"
"23","'제주도로 떠라는 꿈 여행', 고령 드림스타트 초등학교 졸업 예정 학생 제주 여행"
"24","제주의 대표 신문 한라일보"
"25","`아이돌 라디오` 오마이걸 1위 축하 회식도 못해…제주도서 삼겹살 먹고싶다"
"26","개별공시지가 현장상담 … 하향 조정요구 ‘봇물’"
"27","[날씨] 제주·남부 많은 비… 더위 한풀 꺾여 낮 최고 28도"
"28","전국 흐리고 제주도·전남 비…출근길 마스크 챙겨야"
"29","제주도, 4·3유적지 종합관리계획 수립 용역 진행"
"30","`렌터카 총량제` 발끈…5개 업체 제주도에 소송 제기"
"31","서재철 작가, 제주 자연경관·생물자원 사진 3만장 기증"
"32","한풀 꺾인 이른 더위…제주도·전남 `호우특보`"
"33","제주2공항 건설 지하수.철새도래지 환경피해…저감방안 찾아야"
"34","""제주도의회는 죽었다."""
"35","뤼뒤그룹, 제주녹지병원 전격 철수…직원 고용해지 통보"
"36","제주도, 공익사업 감정평가업자 선정기준 제도개선"
"37","대전시회·제주도회 자매결연 행사 성료"
"38","99년 전 모교 만세운동 재현하는 제주북초 총동창회"
"39","제주도, 유네스코 세계지질공원 내리 재인증…12년간 지위유지"
"40","[분양 하이라이트] 제주 스프링데일 골프&리조트, 관리비 월 6만원 힐링타운"
"41","통계청, 2019년 1차 초중고 사교육비 실태 조사"
"42","이영자 화끈한 고향 언니 제주도 땅 100평 줄게"
"43","한라산 자락에 들어선 상상나라, 제주 탐나라공화국 개국"
"44","제주해경, 인력 불법송출 중국인 등 일당 4명 검거"
"45","제주 찾은 황교안, 쓰레기매립장·스타트업현장서 `민생 살피기`"
"46","제주도, 2019년도 지적재조사 사업 본격 돌입"
"47","제주 전역 호우경보·강풍특보…5시간 만에 100㎜ 넘겨 `폭우`"
"48","대기업 렌터카 업체-제주도 '렌터카총량제' 충돌"
"49","[날씨] 서울·광주 30도 더위 계속…제주도 낮부터 강한 비"
"50","[제주날씨] 31.3℃, 올 들어 최고"" 내일도 무더위"
"51","제주도, 고액 체납자 가택 수색 …명품 가방·구두 압류"
"52","SK스토아, 제주 中企 제품 판로 확대 나선다"
"53","'제주헬스케어타운'…주민들 토지반환 소송 추진"
"54","제주도는 민간 블록체인 모델로 간다"
"55","'이규연의 스포트라이트' 제주 보육교사 살인 사건 추적한다 - 스타투데이"
"56","제주 제2공항 기본계획 반영 과제안 공개…의견 수렴"
"57","한라일보"
"58","제주 산지서 소나무재선충병 예방 항공 방제작업 시행"
"59","[줌in제주] 제주 상징 노루 관리 `총체적 부실`…사슴 멸종 전철 피해야"
"60","[기고] 제주도의회 민주당의 유약함, ‘시즌2’ 시작인가"
"61","[뉴스체크-제주] 제주도, 유네스코 세계지질공원 재인증…도내 관광기념품 공모전 개최"
"62","한라산 성판악서 30년 방치된 쓰레기 발견"
"63","제주도, 공공 와이파이존 5000곳 확대...9월 홈페이지 구축"
"64","김현중, 제주도에서 늠름한 근황"
"65","[부고] 고치환(제주도사회복지협의회장)씨 별세"
"66","제주도, 시설관리공단 설립 추진…환경·버스·주차시설 사업"
"67","제주 `스마트아일랜드` 산업 제주포럼서 소개…투자 유치"
"68","기록사진 강병수 작가 기획전 22일부터 제주세계유산센터서"
"69","대동여지도 진본 등 100여 점 제주고지도 만난다"
"70","제주도 문화산업 및 정보산업 투자기업 임차료 지원"
"71","제주도에 이마트 노브랜드 진출? 노! : 전국 : 사회 : 뉴스"
"72","재미있는 크라우드 펀딩-제주 과수원 주인장이 되다"
"73","""제주도 시설관리공단 설립 전면 재검토해야"""
"74","제주도 우체국 운송차, 현대차 `포터 EV`로 바뀐다"
"75","그 많던 제주도 노루는 어디로 갔을까"
"76","제주도, 양식 광어치어 암수 구분 판별기 개발 나서"
"77","제주도, 개체수 급감 노루 1년간 유해동물 지정해제…포획금지(종합)"
"78","2019 제주푸드앤와인페스티벌, 성황리에 종료"
"79","[5월 23일] 제주도지사·도의장·교육감·시장"
"80","제주도 전역으로 건조주의보 확대…산불·화재 주의"
"81","제주도 산지 오전 11시 건조경보…산불 조심"
"82","충남도, 제주도 뺀 16개 시·도 가운데 고용률 가장 높아"
"83","[내일 날씨] 전국 대체로 흐림…충청·남부지방·제주 비"
"84","이영자 100평 줄게...제주서 조우한 지인의 통큰 인심 `깜짝`(`랜선라이프`)"
"85","생명보험재단, 제주도 서귀포시 마을에 농약안전보관함 설치"
"86","JDC, 제14회 제주포럼 세션 및 평화콘서트 연다"
"87","지방선거 특정후보 지지호소 제주도 간부 집행유예"
"88","세월호 참사 학생들 못간 제주도 엄마들이 대신 간다"
"89","[내일날씨] 가끔 흐리고 큰 일교차 계속…제주도 오전 비"
"90","제주도 건조주의보 발효…산불·화재 `주의`"
"91","푸른섬 제주서 `글로벌 미식축제` 열린다"
"92","제주도 남서쪽 먼바다서 50대 선원 실종…수색 중"
"93","에어에이알, 맥스트와 협업...제주도에 AR·VR 테마파크 조성"
"94","19일 날씨, 전국 흐리고 비…제주·남해안은 강풍 유의"
"95","제주도, 나눔 실천 인물 `김만덕상` 후보 공모"
"96","`전기료 절감 톡톡` 제주도, 주택 태양광발전시설 보급 지원"
"97","제주도, 내달 2일 전기차규제특구 계획마련 도민 공청회"
"98","제주도, 농민·농협 참여 `농업회의소` 설립 추진"
"99","5월 셋째 주 대체로 맑아, 15~17일 남부와 제주도에 비"
"100","與 제주도당 ""대통령 현수막 방화사건 철저히 수사해야"""
