"","newstitle"
"1","‘선거법 위반’ 제주도 공보관·비서관 ‘직’ 상실 위기"
"2","“100억원 한짓골 사업 대신, 소담한 '문화곳간' 어때?"""
"3","다시 그리고 함께 JDC"
"4","개별공시지가 현장상담 … 하향 조정요구 ‘봇물’"
"5","애월 무수천사거리서 9중 추돌 사고...11명 경상"
"6","국가인권위원회 제주출장소 신설 가시화"
"7","제2공항 기본계획 도민공청회, 파행 끝에 40여분만에 종료"
"8","종교적 이유 병역거부 ‘여호와증인’ 신도 항소심서 무죄"
"9","“자체 여론조사 앞선다” 선거법 위반 양영식 도의원 ‘무죄’"
"10","""제주 메밀로 하는 11개 체험 해볼까?"""
"11","""어제와 오늘 잇는 민속자연사박물관, 변신 시작합니다!"""
"12","예루살렘 <U+2013> Nothing or Everything 3편"
"13","제주 제2공항 전략환경영향평가, 소음피해 확대 여부 ‘주목’"
"14","제주 대표 어종 광어, 생산금액 곤두박질"
"15","제주 올 여름 태풍 1~3개 영향…7월 강수 많을 듯"
"16","“전략환경영향평가 참여하지도 않은 시민단체를 왜?”"
"17","2019 가족문화축제 “26일 탑동해변공장에서 만나요”"
"18","통계청, 2019년 1차 초중고 사교육비 실태 조사"
"19","제주도내 공익사업 감정평가 업체 선정 ‘윤번제’로"
"20","제주 산지·북부 건조주의보…산불 등 화재 주의 필요"
"21","‘선거법 위반’ 제주도 공보관·비서관 ‘직’ 상실 위기"
"22","“100억원 한짓골 사업 대신, 소담한 '문화곳간' 어때?"""
"23","다시 그리고 함께 JDC"
"24","개별공시지가 현장상담 … 하향 조정요구 ‘봇물’"
"25","애월 무수천사거리서 9중 추돌 사고...11명 경상"
"26","국가인권위원회 제주출장소 신설 가시화"
"27","제2공항 기본계획 도민공청회, 파행 끝에 40여분만에 종료"
"28","종교적 이유 병역거부 ‘여호와증인’ 신도 항소심서 무죄"
"29","“자체 여론조사 앞선다” 선거법 위반 양영식 도의원 ‘무죄’"
"30","""제주 메밀로 하는 11개 체험 해볼까?"""
"31","""어제와 오늘 잇는 민속자연사박물관, 변신 시작합니다!"""
"32","예루살렘 <U+2013> Nothing or Everything 3편"
"33","제주 제2공항 전략환경영향평가, 소음피해 확대 여부 ‘주목’"
"34","제주 대표 어종 광어, 생산금액 곤두박질"
"35","제주 올 여름 태풍 1~3개 영향…7월 강수 많을 듯"
"36","“전략환경영향평가 참여하지도 않은 시민단체를 왜?”"
"37","2019 가족문화축제 “26일 탑동해변공장에서 만나요”"
"38","통계청, 2019년 1차 초중고 사교육비 실태 조사"
"39","제주도내 공익사업 감정평가 업체 선정 ‘윤번제’로"
"40","제주 산지·북부 건조주의보…산불 등 화재 주의 필요"
"41","‘선거법 위반’ 제주도 공보관·비서관 ‘직’ 상실 위기"
"42","“100억원 한짓골 사업 대신, 소담한 '문화곳간' 어때?"""
"43","다시 그리고 함께 JDC"
"44","개별공시지가 현장상담 … 하향 조정요구 ‘봇물’"
"45","애월 무수천사거리서 9중 추돌 사고...11명 경상"
"46","국가인권위원회 제주출장소 신설 가시화"
"47","제2공항 기본계획 도민공청회, 파행 끝에 40여분만에 종료"
"48","종교적 이유 병역거부 ‘여호와증인’ 신도 항소심서 무죄"
"49","“자체 여론조사 앞선다” 선거법 위반 양영식 도의원 ‘무죄’"
"50","""제주 메밀로 하는 11개 체험 해볼까?"""
"51","""어제와 오늘 잇는 민속자연사박물관, 변신 시작합니다!"""
"52","예루살렘 <U+2013> Nothing or Everything 3편"
"53","제주 제2공항 전략환경영향평가, 소음피해 확대 여부 ‘주목’"
"54","제주 대표 어종 광어, 생산금액 곤두박질"
"55","제주 올 여름 태풍 1~3개 영향…7월 강수 많을 듯"
"56","“전략환경영향평가 참여하지도 않은 시민단체를 왜?”"
"57","2019 가족문화축제 “26일 탑동해변공장에서 만나요”"
"58","통계청, 2019년 1차 초중고 사교육비 실태 조사"
"59","제주도내 공익사업 감정평가 업체 선정 ‘윤번제’로"
"60","제주 산지·북부 건조주의보…산불 등 화재 주의 필요"
"61","‘선거법 위반’ 제주도 공보관·비서관 ‘직’ 상실 위기"
"62","“100억원 한짓골 사업 대신, 소담한 '문화곳간' 어때?"""
"63","다시 그리고 함께 JDC"
"64","개별공시지가 현장상담 … 하향 조정요구 ‘봇물’"
"65","애월 무수천사거리서 9중 추돌 사고...11명 경상"
"66","국가인권위원회 제주출장소 신설 가시화"
"67","제2공항 기본계획 도민공청회, 파행 끝에 40여분만에 종료"
"68","종교적 이유 병역거부 ‘여호와증인’ 신도 항소심서 무죄"
"69","“자체 여론조사 앞선다” 선거법 위반 양영식 도의원 ‘무죄’"
"70","""제주 메밀로 하는 11개 체험 해볼까?"""
"71","""어제와 오늘 잇는 민속자연사박물관, 변신 시작합니다!"""
"72","예루살렘 <U+2013> Nothing or Everything 3편"
"73","제주 제2공항 전략환경영향평가, 소음피해 확대 여부 ‘주목’"
"74","제주 대표 어종 광어, 생산금액 곤두박질"
"75","제주 올 여름 태풍 1~3개 영향…7월 강수 많을 듯"
"76","“전략환경영향평가 참여하지도 않은 시민단체를 왜?”"
"77","2019 가족문화축제 “26일 탑동해변공장에서 만나요”"
"78","통계청, 2019년 1차 초중고 사교육비 실태 조사"
"79","제주도내 공익사업 감정평가 업체 선정 ‘윤번제’로"
"80","제주 산지·북부 건조주의보…산불 등 화재 주의 필요"
"81","‘선거법 위반’ 제주도 공보관·비서관 ‘직’ 상실 위기"
"82","“100억원 한짓골 사업 대신, 소담한 '문화곳간' 어때?"""
"83","다시 그리고 함께 JDC"
"84","개별공시지가 현장상담 … 하향 조정요구 ‘봇물’"
"85","애월 무수천사거리서 9중 추돌 사고...11명 경상"
"86","국가인권위원회 제주출장소 신설 가시화"
"87","제2공항 기본계획 도민공청회, 파행 끝에 40여분만에 종료"
"88","종교적 이유 병역거부 ‘여호와증인’ 신도 항소심서 무죄"
"89","“자체 여론조사 앞선다” 선거법 위반 양영식 도의원 ‘무죄’"
"90","""제주 메밀로 하는 11개 체험 해볼까?"""
"91","""어제와 오늘 잇는 민속자연사박물관, 변신 시작합니다!"""
"92","예루살렘 <U+2013> Nothing or Everything 3편"
"93","제주 제2공항 전략환경영향평가, 소음피해 확대 여부 ‘주목’"
"94","제주 대표 어종 광어, 생산금액 곤두박질"
"95","제주 올 여름 태풍 1~3개 영향…7월 강수 많을 듯"
"96","“전략환경영향평가 참여하지도 않은 시민단체를 왜?”"
"97","2019 가족문화축제 “26일 탑동해변공장에서 만나요”"
"98","통계청, 2019년 1차 초중고 사교육비 실태 조사"
"99","제주도내 공익사업 감정평가 업체 선정 ‘윤번제’로"
"100","제주 산지·북부 건조주의보…산불 등 화재 주의 필요"
"101","‘선거법 위반’ 제주도 공보관·비서관 ‘직’ 상실 위기"
"102","“100억원 한짓골 사업 대신, 소담한 '문화곳간' 어때?"""
"103","다시 그리고 함께 JDC"
"104","개별공시지가 현장상담 … 하향 조정요구 ‘봇물’"
"105","애월 무수천사거리서 9중 추돌 사고...11명 경상"
"106","국가인권위원회 제주출장소 신설 가시화"
"107","제2공항 기본계획 도민공청회, 파행 끝에 40여분만에 종료"
"108","종교적 이유 병역거부 ‘여호와증인’ 신도 항소심서 무죄"
"109","“자체 여론조사 앞선다” 선거법 위반 양영식 도의원 ‘무죄’"
"110","""제주 메밀로 하는 11개 체험 해볼까?"""
"111","""어제와 오늘 잇는 민속자연사박물관, 변신 시작합니다!"""
"112","예루살렘 <U+2013> Nothing or Everything 3편"
"113","제주 제2공항 전략환경영향평가, 소음피해 확대 여부 ‘주목’"
"114","제주 대표 어종 광어, 생산금액 곤두박질"
"115","제주 올 여름 태풍 1~3개 영향…7월 강수 많을 듯"
"116","“전략환경영향평가 참여하지도 않은 시민단체를 왜?”"
"117","2019 가족문화축제 “26일 탑동해변공장에서 만나요”"
"118","통계청, 2019년 1차 초중고 사교육비 실태 조사"
"119","제주도내 공익사업 감정평가 업체 선정 ‘윤번제’로"
"120","제주 산지·북부 건조주의보…산불 등 화재 주의 필요"
"121","‘선거법 위반’ 제주도 공보관·비서관 ‘직’ 상실 위기"
"122","“100억원 한짓골 사업 대신, 소담한 '문화곳간' 어때?"""
"123","다시 그리고 함께 JDC"
"124","개별공시지가 현장상담 … 하향 조정요구 ‘봇물’"
"125","애월 무수천사거리서 9중 추돌 사고...11명 경상"
"126","국가인권위원회 제주출장소 신설 가시화"
"127","제2공항 기본계획 도민공청회, 파행 끝에 40여분만에 종료"
"128","종교적 이유 병역거부 ‘여호와증인’ 신도 항소심서 무죄"
"129","“자체 여론조사 앞선다” 선거법 위반 양영식 도의원 ‘무죄’"
"130","""제주 메밀로 하는 11개 체험 해볼까?"""
"131","""어제와 오늘 잇는 민속자연사박물관, 변신 시작합니다!"""
"132","예루살렘 <U+2013> Nothing or Everything 3편"
"133","제주 제2공항 전략환경영향평가, 소음피해 확대 여부 ‘주목’"
"134","제주 대표 어종 광어, 생산금액 곤두박질"
"135","제주 올 여름 태풍 1~3개 영향…7월 강수 많을 듯"
"136","“전략환경영향평가 참여하지도 않은 시민단체를 왜?”"
"137","2019 가족문화축제 “26일 탑동해변공장에서 만나요”"
"138","통계청, 2019년 1차 초중고 사교육비 실태 조사"
"139","제주도내 공익사업 감정평가 업체 선정 ‘윤번제’로"
"140","제주 산지·북부 건조주의보…산불 등 화재 주의 필요"
"141","‘선거법 위반’ 제주도 공보관·비서관 ‘직’ 상실 위기"
"142","“100억원 한짓골 사업 대신, 소담한 '문화곳간' 어때?"""
"143","다시 그리고 함께 JDC"
"144","개별공시지가 현장상담 … 하향 조정요구 ‘봇물’"
"145","애월 무수천사거리서 9중 추돌 사고...11명 경상"
"146","국가인권위원회 제주출장소 신설 가시화"
"147","제2공항 기본계획 도민공청회, 파행 끝에 40여분만에 종료"
"148","종교적 이유 병역거부 ‘여호와증인’ 신도 항소심서 무죄"
"149","“자체 여론조사 앞선다” 선거법 위반 양영식 도의원 ‘무죄’"
"150","""제주 메밀로 하는 11개 체험 해볼까?"""
"151","""어제와 오늘 잇는 민속자연사박물관, 변신 시작합니다!"""
"152","예루살렘 <U+2013> Nothing or Everything 3편"
"153","제주 제2공항 전략환경영향평가, 소음피해 확대 여부 ‘주목’"
"154","제주 대표 어종 광어, 생산금액 곤두박질"
"155","제주 올 여름 태풍 1~3개 영향…7월 강수 많을 듯"
"156","“전략환경영향평가 참여하지도 않은 시민단체를 왜?”"
"157","2019 가족문화축제 “26일 탑동해변공장에서 만나요”"
"158","통계청, 2019년 1차 초중고 사교육비 실태 조사"
"159","제주도내 공익사업 감정평가 업체 선정 ‘윤번제’로"
"160","제주 산지·북부 건조주의보…산불 등 화재 주의 필요"
"161","‘선거법 위반’ 제주도 공보관·비서관 ‘직’ 상실 위기"
"162","“100억원 한짓골 사업 대신, 소담한 '문화곳간' 어때?"""
"163","다시 그리고 함께 JDC"
"164","개별공시지가 현장상담 … 하향 조정요구 ‘봇물’"
"165","애월 무수천사거리서 9중 추돌 사고...11명 경상"
"166","국가인권위원회 제주출장소 신설 가시화"
"167","제2공항 기본계획 도민공청회, 파행 끝에 40여분만에 종료"
"168","종교적 이유 병역거부 ‘여호와증인’ 신도 항소심서 무죄"
"169","“자체 여론조사 앞선다” 선거법 위반 양영식 도의원 ‘무죄’"
"170","""제주 메밀로 하는 11개 체험 해볼까?"""
"171","""어제와 오늘 잇는 민속자연사박물관, 변신 시작합니다!"""
"172","예루살렘 <U+2013> Nothing or Everything 3편"
"173","제주 제2공항 전략환경영향평가, 소음피해 확대 여부 ‘주목’"
"174","제주 대표 어종 광어, 생산금액 곤두박질"
"175","제주 올 여름 태풍 1~3개 영향…7월 강수 많을 듯"
"176","“전략환경영향평가 참여하지도 않은 시민단체를 왜?”"
"177","2019 가족문화축제 “26일 탑동해변공장에서 만나요”"
"178","통계청, 2019년 1차 초중고 사교육비 실태 조사"
"179","제주도내 공익사업 감정평가 업체 선정 ‘윤번제’로"
"180","제주 산지·북부 건조주의보…산불 등 화재 주의 필요"
"181","‘선거법 위반’ 제주도 공보관·비서관 ‘직’ 상실 위기"
"182","“100억원 한짓골 사업 대신, 소담한 '문화곳간' 어때?"""
"183","다시 그리고 함께 JDC"
"184","개별공시지가 현장상담 … 하향 조정요구 ‘봇물’"
"185","애월 무수천사거리서 9중 추돌 사고...11명 경상"
"186","국가인권위원회 제주출장소 신설 가시화"
"187","제2공항 기본계획 도민공청회, 파행 끝에 40여분만에 종료"
"188","종교적 이유 병역거부 ‘여호와증인’ 신도 항소심서 무죄"
"189","“자체 여론조사 앞선다” 선거법 위반 양영식 도의원 ‘무죄’"
"190","""제주 메밀로 하는 11개 체험 해볼까?"""
"191","""어제와 오늘 잇는 민속자연사박물관, 변신 시작합니다!"""
"192","예루살렘 <U+2013> Nothing or Everything 3편"
"193","제주 제2공항 전략환경영향평가, 소음피해 확대 여부 ‘주목’"
"194","제주 대표 어종 광어, 생산금액 곤두박질"
"195","제주 올 여름 태풍 1~3개 영향…7월 강수 많을 듯"
"196","“전략환경영향평가 참여하지도 않은 시민단체를 왜?”"
"197","2019 가족문화축제 “26일 탑동해변공장에서 만나요”"
"198","통계청, 2019년 1차 초중고 사교육비 실태 조사"
"199","제주도내 공익사업 감정평가 업체 선정 ‘윤번제’로"
"200","제주 산지·북부 건조주의보…산불 등 화재 주의 필요"
"201","‘선거법 위반’ 제주도 공보관·비서관 ‘직’ 상실 위기"
"202","“100억원 한짓골 사업 대신, 소담한 '문화곳간' 어때?"""
"203","다시 그리고 함께 JDC"
"204","개별공시지가 현장상담 … 하향 조정요구 ‘봇물’"
"205","애월 무수천사거리서 9중 추돌 사고...11명 경상"
"206","국가인권위원회 제주출장소 신설 가시화"
"207","제2공항 기본계획 도민공청회, 파행 끝에 40여분만에 종료"
"208","종교적 이유 병역거부 ‘여호와증인’ 신도 항소심서 무죄"
"209","“자체 여론조사 앞선다” 선거법 위반 양영식 도의원 ‘무죄’"
"210","""제주 메밀로 하는 11개 체험 해볼까?"""
"211","""어제와 오늘 잇는 민속자연사박물관, 변신 시작합니다!"""
"212","예루살렘 <U+2013> Nothing or Everything 3편"
"213","제주 제2공항 전략환경영향평가, 소음피해 확대 여부 ‘주목’"
"214","제주 대표 어종 광어, 생산금액 곤두박질"
"215","제주 올 여름 태풍 1~3개 영향…7월 강수 많을 듯"
"216","“전략환경영향평가 참여하지도 않은 시민단체를 왜?”"
"217","2019 가족문화축제 “26일 탑동해변공장에서 만나요”"
"218","통계청, 2019년 1차 초중고 사교육비 실태 조사"
"219","제주도내 공익사업 감정평가 업체 선정 ‘윤번제’로"
"220","제주 산지·북부 건조주의보…산불 등 화재 주의 필요"
"221","‘선거법 위반’ 제주도 공보관·비서관 ‘직’ 상실 위기"
"222","“100억원 한짓골 사업 대신, 소담한 '문화곳간' 어때?"""
"223","다시 그리고 함께 JDC"
"224","개별공시지가 현장상담 … 하향 조정요구 ‘봇물’"
"225","애월 무수천사거리서 9중 추돌 사고...11명 경상"
"226","국가인권위원회 제주출장소 신설 가시화"
"227","제2공항 기본계획 도민공청회, 파행 끝에 40여분만에 종료"
"228","종교적 이유 병역거부 ‘여호와증인’ 신도 항소심서 무죄"
"229","“자체 여론조사 앞선다” 선거법 위반 양영식 도의원 ‘무죄’"
"230","""제주 메밀로 하는 11개 체험 해볼까?"""
"231","""어제와 오늘 잇는 민속자연사박물관, 변신 시작합니다!"""
"232","예루살렘 <U+2013> Nothing or Everything 3편"
"233","제주 제2공항 전략환경영향평가, 소음피해 확대 여부 ‘주목’"
"234","제주 대표 어종 광어, 생산금액 곤두박질"
"235","제주 올 여름 태풍 1~3개 영향…7월 강수 많을 듯"
"236","“전략환경영향평가 참여하지도 않은 시민단체를 왜?”"
"237","2019 가족문화축제 “26일 탑동해변공장에서 만나요”"
"238","통계청, 2019년 1차 초중고 사교육비 실태 조사"
"239","제주도내 공익사업 감정평가 업체 선정 ‘윤번제’로"
"240","제주 산지·북부 건조주의보…산불 등 화재 주의 필요"
